{"cameraMode":{"drawMode":0,"name":"Shaded","section":"Shading Mode"},"sceneLighting":false,"audioPlay":false,"sceneViewState":{"m_AlwaysRefresh":false,"showFog":true,"showSkybox":false,"showFlares":true,"showImageEffects":true,"showParticleSystems":true,"showVisualEffectGraphs":true,"m_FxEnabled":true},"in2DMode":false,"pivot":{"x":-9.09720516204834,"y":0.3426966369152069,"z":-10.020855903625489},"rotation":{"x":0.012049337849020958,"y":0.9866155982017517,"z":-0.08636387437582016,"w":0.13795705139636994},"size":0.4603728950023651,"orthographic":true}